year,major,text,category
ปี 1,วิทยาการคอมพิวเตอร์และสารสนเทศ,อยากเรียนการสร้างเกมด้วย Unity เพราะสนใจพัฒนาเกม,Game Development
ปี 2,วิทยาการคอมพิวเตอร์และสารสนเทศ,สนใจการออกแบบเกมและอยากลองสร้างเกมของตัวเอง,Game Development
ปี 3,วิทยาการคอมพิวเตอร์และสารสนเทศ,อยากเรียนรู้การทำเกม 2D และ 3D,Game Development
ปี 4,วิทยาการคอมพิวเตอร์และสารสนเทศ,อยากรู้ว่าการสร้างเกมด้วย Unity เริ่มต้นอย่างไร,Game Development
ปี 1,วิทยาการคอมพิวเตอร์และสารสนเทศ,สนใจการเขียนโปรแกรมสำหรับเกมและการทำระบบเกม,Game Development
ปี 2,วิทยาการคอมพิวเตอร์และสารสนเทศ,อยากเรียนการทำเกมเพราะชอบเล่นเกมและอยากสร้างเอง,Game Development
ปี 3,วิทยาการคอมพิวเตอร์และสารสนเทศ,อยากเรียนการออกแบบตัวละครและฉากสำหรับเกม,Game Development
ปี 4,วิทยาการคอมพิวเตอร์และสารสนเทศ,สนใจการพัฒนาเกมบนคอมพิวเตอร์และมือถือ,Game Development
ปี 1,วิทยาการคอมพิวเตอร์และสารสนเทศ,อยากรู้วิธีสร้างเกมตั้งแต่เริ่มต้นจนสามารถเล่นได้,Game Development
ปี 2,วิทยาการคอมพิวเตอร์และสารสนเทศ,อยากเรียนเรื่องการเขียนโค้ดเพื่อพัฒนาเกม,Game Development
ปี 3,วิทยาการคอมพิวเตอร์และสารสนเทศ,สนใจการทำเกมด้วย Unreal Engine,Game Development
ปี 4,วิทยาการคอมพิวเตอร์และสารสนเทศ,อยากเรียนรู้การสร้างเกมแบบ Multiplayer,Game Development
ปี 1,วิทยาการคอมพิวเตอร์และสารสนเทศ,อยากรู้วิธีทำระบบคะแนนและระบบภายในเกม,Game Development
ปี 2,วิทยาการคอมพิวเตอร์และสารสนเทศ,สนใจการสร้างเกมแนวจำลองสถานการณ์,Game Development
ปี 3,วิทยาการคอมพิวเตอร์และสารสนเทศ,อยากเรียนการออกแบบ Gameplay ให้เกมน่าสนใจ,Game Development
ปี 4,วิทยาการคอมพิวเตอร์และสารสนเทศ,อยากลองทำโปรเจกต์เกมเป็นของตัวเอง,Game Development
ปี 1,วิทยาการคอมพิวเตอร์และสารสนเทศ,สนใจการทำ Animation สำหรับเกม,Game Development
ปี 2,วิทยาการคอมพิวเตอร์และสารสนเทศ,อยากเรียนรู้การสร้างเกม 3D,Game Development
ปี 3,วิทยาการคอมพิวเตอร์และสารสนเทศ,อยากรู้วิธีนำเกมที่สร้างไปใช้งานจริง,Game Development
ปี 4,วิทยาการคอมพิวเตอร์และสารสนเทศ,สนใจการพัฒนาเกมสำหรับมือถือ,Game Development
ปี 1,วิทยาการคอมพิวเตอร์และสารสนเทศ,อยากเรียนเรื่อง Game Design และการวางโครงสร้างเกม,Game Development
ปี 2,วิทยาการคอมพิวเตอร์และสารสนเทศ,อยากรู้วิธีสร้างฉากในเกมให้ดูน่าสนใจ,Game Development
ปี 3,วิทยาการคอมพิวเตอร์และสารสนเทศ,สนใจการเขียน Script สำหรับเกม,Game Development
ปี 4,วิทยาการคอมพิวเตอร์และสารสนเทศ,อยากเรียนรู้การทำเกมด้วยเครื่องมือที่ใช้งานจริง,Game Development
ปี 1,วิทยาการคอมพิวเตอร์และสารสนเทศ,อยากพัฒนาทักษะด้าน Game Development,Game Development
ปี 2,วิทยาการคอมพิวเตอร์และสารสนเทศ,สนใจการทำเกมแนวผจญภัย,Game Development
ปี 3,วิทยาการคอมพิวเตอร์และสารสนเทศ,อยากเรียนรู้การสร้างระบบตัวละครในเกม,Game Development
ปี 4,วิทยาการคอมพิวเตอร์และสารสนเทศ,อยากทำเกมเป็นผลงานสำหรับ Portfolio,Game Development
ปี 1,วิทยาการคอมพิวเตอร์และสารสนเทศ,สนใจการสร้างเกมและอยากต่อยอดเป็นอาชีพ,Game Development
ปี 2,วิทยาการคอมพิวเตอร์และสารสนเทศ,อยากเรียนรู้ขั้นตอนการพัฒนาเกมตั้งแต่เริ่มต้น,Game Development
ปี 3,วิทยาการคอมพิวเตอร์และสารสนเทศ,อยากเรียนรู้การสร้างโมเดล AI,Artificial Intelligence
ปี 4,วิทยาการคอมพิวเตอร์และสารสนเทศ,สนใจการทำงานของ Artificial Intelligence,Artificial Intelligence
ปี 1,วิทยาการคอมพิวเตอร์และสารสนเทศ,อยากรู้ว่า AI สามารถนำไปใช้กับงานอะไรได้บ้าง,Artificial Intelligence
ปี 2,วิทยาการคอมพิวเตอร์และสารสนเทศ,สนใจการสร้างระบบที่สามารถเรียนรู้ข้อมูลได้,Artificial Intelligence
ปี 3,วิทยาการคอมพิวเตอร์และสารสนเทศ,อยากเรียน Machine Learning เบื้องต้น,Artificial Intelligence
ปี 4,วิทยาการคอมพิวเตอร์และสารสนเทศ,อยากรู้วิธีสร้าง AI สำหรับใช้งานจริง,Artificial Intelligence
ปี 1,วิทยาการคอมพิวเตอร์และสารสนเทศ,สนใจการประยุกต์ใช้ AI ในชีวิตประจำวัน,Artificial Intelligence
ปี 2,วิทยาการคอมพิวเตอร์และสารสนเทศ,อยากเรียนรู้การฝึกโมเดล Machine Learning,Artificial Intelligence
ปี 3,วิทยาการคอมพิวเตอร์และสารสนเทศ,สนใจเรื่อง Deep Learning และการสร้างโมเดล,Artificial Intelligence
ปี 4,วิทยาการคอมพิวเตอร์และสารสนเทศ,อยากรู้วิธีทำ AI ที่สามารถจำแนกข้อมูลได้,Artificial Intelligence
ปี 1,วิทยาการคอมพิวเตอร์และสารสนเทศ,สนใจการสร้าง Chatbot ด้วย AI,Artificial Intelligence
ปี 2,วิทยาการคอมพิวเตอร์และสารสนเทศ,อยากเรียนรู้การวิเคราะห์ข้อมูลด้วย AI,Artificial Intelligence
ปี 3,วิทยาการคอมพิวเตอร์และสารสนเทศ,สนใจการสร้างระบบแนะนำด้วย AI,Artificial Intelligence
ปี 4,วิทยาการคอมพิวเตอร์และสารสนเทศ,อยากรู้ว่า Neural Network ทำงานอย่างไร,Artificial Intelligence
ปี 1,วิทยาการคอมพิวเตอร์และสารสนเทศ,อยากเรียนการประมวลผลภาพด้วย AI,Artificial Intelligence
ปี 2,วิทยาการคอมพิวเตอร์และสารสนเทศ,สนใจการสร้างโมเดลเพื่อทำนายข้อมูล,Artificial Intelligence
ปี 3,วิทยาการคอมพิวเตอร์และสารสนเทศ,อยากเรียนรู้พื้นฐานของ Neural Network,Artificial Intelligence
ปี 4,วิทยาการคอมพิวเตอร์และสารสนเทศ,สนใจการใช้ AI ในการพัฒนาโปรแกรม,Artificial Intelligence
ปี 1,วิทยาการคอมพิวเตอร์และสารสนเทศ,อยากรู้วิธีเตรียมข้อมูลสำหรับฝึก AI,Artificial Intelligence
ปี 2,วิทยาการคอมพิวเตอร์และสารสนเทศ,อยากเรียนรู้การประเมินประสิทธิภาพของโมเดล,Artificial Intelligence
ปี 3,วิทยาการคอมพิวเตอร์และสารสนเทศ,สนใจ AI และอยากนำไปทำโปรเจกต์,Artificial Intelligence
ปี 4,วิทยาการคอมพิวเตอร์และสารสนเทศ,อยากรู้วิธีสร้างโมเดลจำแนกข้อความ,Artificial Intelligence
ปี 1,วิทยาการคอมพิวเตอร์และสารสนเทศ,สนใจการนำ AI มาช่วยแก้ปัญหาต่าง ๆ,Artificial Intelligence
ปี 2,วิทยาการคอมพิวเตอร์และสารสนเทศ,อยากเรียนรู้ขั้นตอนการสร้าง Machine Learning Model,Artificial Intelligence
ปี 3,วิทยาการคอมพิวเตอร์และสารสนเทศ,สนใจการสร้าง AI ที่ตอบคำถามได้,Artificial Intelligence
ปี 4,วิทยาการคอมพิวเตอร์และสารสนเทศ,อยากเรียนเรื่องการฝึกโมเดลด้วย Dataset,Artificial Intelligence
ปี 1,วิทยาการคอมพิวเตอร์และสารสนเทศ,สนใจเทคโนโลยี AI ที่กำลังใช้งานในปัจจุบัน,Artificial Intelligence
ปี 2,วิทยาการคอมพิวเตอร์และสารสนเทศ,อยากรู้วิธีนำโมเดล AI ไปเชื่อมกับเว็บไซต์,Artificial Intelligence
ปี 3,วิทยาการคอมพิวเตอร์และสารสนเทศ,สนใจการทำโปรเจกต์เกี่ยวกับ AI,Artificial Intelligence
ปี 4,วิทยาการคอมพิวเตอร์และสารสนเทศ,อยากพัฒนาความรู้ด้าน Artificial Intelligence,Artificial Intelligence
ปี 1,วิทยาการคอมพิวเตอร์และสารสนเทศ,อยากเรียนวิธีป้องกันการถูกแฮก,Cybersecurity
ปี 2,วิทยาการคอมพิวเตอร์และสารสนเทศ,สนใจเรื่องความปลอดภัยของระบบคอมพิวเตอร์,Cybersecurity
ปี 3,วิทยาการคอมพิวเตอร์และสารสนเทศ,อยากเรียนรู้พื้นฐาน Cybersecurity,Cybersecurity
ปี 4,วิทยาการคอมพิวเตอร์และสารสนเทศ,อยากรู้วิธีป้องกันข้อมูลส่วนตัวบนอินเทอร์เน็ต,Cybersecurity
ปี 1,วิทยาการคอมพิวเตอร์และสารสนเทศ,สนใจการรักษาความปลอดภัยของเว็บไซต์,Cybersecurity
ปี 2,วิทยาการคอมพิวเตอร์และสารสนเทศ,อยากเรียนรู้เรื่องการโจมตีทางไซเบอร์และการป้องกัน,Cybersecurity
ปี 3,วิทยาการคอมพิวเตอร์และสารสนเทศ,สนใจการรักษาความปลอดภัยของเครือข่าย,Cybersecurity
ปี 4,วิทยาการคอมพิวเตอร์และสารสนเทศ,อยากรู้วิธีตรวจสอบช่องโหว่ของระบบ,Cybersecurity
ปี 1,วิทยาการคอมพิวเตอร์และสารสนเทศ,อยากเรียนเรื่อง Password Security,Cybersecurity
ปี 2,วิทยาการคอมพิวเตอร์และสารสนเทศ,สนใจการป้องกัน Malware และไวรัสคอมพิวเตอร์,Cybersecurity
ปี 3,วิทยาการคอมพิวเตอร์และสารสนเทศ,อยากรู้วิธีรักษาความปลอดภัยของข้อมูล,Cybersecurity
ปี 4,วิทยาการคอมพิวเตอร์และสารสนเทศ,สนใจ Ethical Hacking,Cybersecurity
ปี 1,วิทยาการคอมพิวเตอร์และสารสนเทศ,อยากเรียนรู้การทำงานของ Firewall,Cybersecurity
ปี 2,วิทยาการคอมพิวเตอร์และสารสนเทศ,อยากรู้วิธีป้องกันการหลอกลวงทางออนไลน์,Cybersecurity
ปี 3,วิทยาการคอมพิวเตอร์และสารสนเทศ,สนใจเรื่อง Network Security,Cybersecurity
ปี 4,วิทยาการคอมพิวเตอร์และสารสนเทศ,อยากเรียนการตรวจสอบความปลอดภัยของระบบ,Cybersecurity
ปี 1,วิทยาการคอมพิวเตอร์และสารสนเทศ,สนใจการป้องกันบัญชีผู้ใช้งานจากการถูกขโมย,Cybersecurity
ปี 2,วิทยาการคอมพิวเตอร์และสารสนเทศ,อยากรู้วิธีรับมือกับภัยคุกคามทางไซเบอร์,Cybersecurity
ปี 3,วิทยาการคอมพิวเตอร์และสารสนเทศ,อยากเรียนเรื่องการเข้ารหัสข้อมูล,Cybersecurity
ปี 4,วิทยาการคอมพิวเตอร์และสารสนเทศ,สนใจการรักษาความปลอดภัยของฐานข้อมูล,Cybersecurity
ปี 1,วิทยาการคอมพิวเตอร์และสารสนเทศ,อยากรู้วิธีตรวจสอบ Log เพื่อหาความผิดปกติ,Cybersecurity
ปี 2,วิทยาการคอมพิวเตอร์และสารสนเทศ,สนใจการทำ Penetration Testing,Cybersecurity
ปี 3,วิทยาการคอมพิวเตอร์และสารสนเทศ,อยากเรียนรู้วิธีป้องกันเว็บไซต์จากการโจมตี,Cybersecurity
ปี 4,วิทยาการคอมพิวเตอร์และสารสนเทศ,อยากรู้เกี่ยวกับความปลอดภัยของระบบ Cloud,Cybersecurity
ปี 1,วิทยาการคอมพิวเตอร์และสารสนเทศ,สนใจการวิเคราะห์เหตุการณ์ด้านความปลอดภัย,Cybersecurity
ปี 2,วิทยาการคอมพิวเตอร์และสารสนเทศ,อยากเรียนรู้เรื่อง Digital Forensics,Cybersecurity
ปี 3,วิทยาการคอมพิวเตอร์และสารสนเทศ,สนใจการสร้างระบบที่ปลอดภัย,Cybersecurity
ปี 4,วิทยาการคอมพิวเตอร์และสารสนเทศ,อยากรู้วิธีป้องกันข้อมูลรั่วไหล,Cybersecurity
ปี 1,วิทยาการคอมพิวเตอร์และสารสนเทศ,สนใจการทำงานด้าน Cybersecurity ในอนาคต,Cybersecurity
ปี 2,วิทยาการคอมพิวเตอร์และสารสนเทศ,อยากพัฒนาความรู้เรื่องความปลอดภัยไซเบอร์,Cybersecurity
ปี 3,วิทยาการคอมพิวเตอร์และสารสนเทศ,อยากเรียนการวิเคราะห์ข้อมูล,Data Science
ปี 4,วิทยาการคอมพิวเตอร์และสารสนเทศ,สนใจการทำ Data Science และอยากลองทำโปรเจกต์,Data Science
ปี 1,วิทยาการคอมพิวเตอร์และสารสนเทศ,อยากรู้วิธีนำข้อมูลมาวิเคราะห์เพื่อหาคำตอบ,Data Science
ปี 2,วิทยาการคอมพิวเตอร์และสารสนเทศ,สนใจการทำกราฟและ Visualization จากข้อมูล,Data Science
ปี 3,วิทยาการคอมพิวเตอร์และสารสนเทศ,อยากเรียนรู้การจัดการ Dataset,Data Science
ปี 4,วิทยาการคอมพิวเตอร์และสารสนเทศ,สนใจการใช้ข้อมูลช่วยในการตัดสินใจ,Data Science
ปี 1,วิทยาการคอมพิวเตอร์และสารสนเทศ,อยากเรียน Python สำหรับวิเคราะห์ข้อมูล,Data Science
ปี 2,วิทยาการคอมพิวเตอร์และสารสนเทศ,อยากรู้วิธีทำความสะอาดข้อมูล,Data Science
ปี 3,วิทยาการคอมพิวเตอร์และสารสนเทศ,สนใจการหาความสัมพันธ์ของข้อมูล,Data Science
ปี 4,วิทยาการคอมพิวเตอร์และสารสนเทศ,อยากเรียนรู้การสร้าง Dashboard จากข้อมูล,Data Science
ปี 1,วิทยาการคอมพิวเตอร์และสารสนเทศ,สนใจการวิเคราะห์ข้อมูลจำนวนมาก,Data Science
ปี 2,วิทยาการคอมพิวเตอร์และสารสนเทศ,อยากรู้วิธีเตรียมข้อมูลก่อนนำไปวิเคราะห์,Data Science
ปี 3,วิทยาการคอมพิวเตอร์และสารสนเทศ,สนใจ Statistics สำหรับ Data Science,Data Science
ปี 4,วิทยาการคอมพิวเตอร์และสารสนเทศ,อยากเรียนการสร้างกราฟจากข้อมูล,Data Science
ปี 1,วิทยาการคอมพิวเตอร์และสารสนเทศ,สนใจการวิเคราะห์ข้อมูลเพื่อหาแนวโน้ม,Data Science
ปี 2,วิทยาการคอมพิวเตอร์และสารสนเทศ,อยากรู้วิธีใช้ pandas ในการจัดการข้อมูล,Data Science
ปี 3,วิทยาการคอมพิวเตอร์และสารสนเทศ,อยากเรียนรู้การทำ Data Visualization,Data Science
ปี 4,วิทยาการคอมพิวเตอร์และสารสนเทศ,สนใจการวิเคราะห์ข้อมูลจากแบบสอบถาม,Data Science
ปี 1,วิทยาการคอมพิวเตอร์และสารสนเทศ,อยากรู้วิธีสร้างโมเดลทำนายจากข้อมูล,Data Science
ปี 2,วิทยาการคอมพิวเตอร์และสารสนเทศ,สนใจการทำ Data Science ในงานจริง,Data Science
ปี 3,วิทยาการคอมพิวเตอร์และสารสนเทศ,อยากเรียนรู้การสรุปข้อมูลให้อ่านง่าย,Data Science
ปี 4,วิทยาการคอมพิวเตอร์และสารสนเทศ,สนใจการค้นหารูปแบบจากข้อมูล,Data Science
ปี 1,วิทยาการคอมพิวเตอร์และสารสนเทศ,อยากรู้วิธีวิเคราะห์ข้อมูลด้วย Python,Data Science
ปี 2,วิทยาการคอมพิวเตอร์และสารสนเทศ,อยากเรียนเรื่องการจัดการข้อมูลก่อนสร้างโมเดล,Data Science
ปี 3,วิทยาการคอมพิวเตอร์และสารสนเทศ,สนใจการนำข้อมูลมาช่วยแก้ปัญหา,Data Science
ปี 4,วิทยาการคอมพิวเตอร์และสารสนเทศ,อยากเรียนรู้ขั้นตอนการทำ Data Science,Data Science
ปี 1,วิทยาการคอมพิวเตอร์และสารสนเทศ,สนใจการวิเคราะห์ข้อมูลเพื่อใช้ในธุรกิจ,Data Science
ปี 2,วิทยาการคอมพิวเตอร์และสารสนเทศ,อยากรู้วิธีทำรายงานจากข้อมูล,Data Science
ปี 3,วิทยาการคอมพิวเตอร์และสารสนเทศ,สนใจการสร้างระบบวิเคราะห์ข้อมูล,Data Science
ปี 4,วิทยาการคอมพิวเตอร์และสารสนเทศ,อยากพัฒนาทักษะด้าน Data Science,Data Science
ปี 1,วิทยาการคอมพิวเตอร์และสารสนเทศ,อยากเรียนการสร้างเว็บไซต์ตั้งแต่เริ่มต้น,Web Development
ปี 2,วิทยาการคอมพิวเตอร์และสารสนเทศ,สนใจการพัฒนาเว็บไซต์ด้วย HTML CSS และ JavaScript,Web Development
ปี 3,วิทยาการคอมพิวเตอร์และสารสนเทศ,อยากรู้วิธีสร้างเว็บไซต์ที่ใช้งานจริง,Web Development
ปี 4,วิทยาการคอมพิวเตอร์และสารสนเทศ,สนใจการพัฒนาเว็บด้วย Next.js,Web Development
ปี 1,วิทยาการคอมพิวเตอร์และสารสนเทศ,อยากเรียนรู้การทำเว็บไซต์แบบ Responsive,Web Development
ปี 2,วิทยาการคอมพิวเตอร์และสารสนเทศ,สนใจการออกแบบและพัฒนาเว็บไซต์,Web Development
ปี 3,วิทยาการคอมพิวเตอร์และสารสนเทศ,อยากรู้วิธีเชื่อมเว็บไซต์กับฐานข้อมูล,Web Development
ปี 4,วิทยาการคอมพิวเตอร์และสารสนเทศ,อยากเรียนการสร้างเว็บแอปพลิเคชัน,Web Development
ปี 1,วิทยาการคอมพิวเตอร์และสารสนเทศ,สนใจการทำ Frontend Development,Web Development
ปี 2,วิทยาการคอมพิวเตอร์และสารสนเทศ,อยากเรียนรู้การทำ Backend สำหรับเว็บไซต์,Web Development
ปี 3,วิทยาการคอมพิวเตอร์และสารสนเทศ,สนใจการสร้างเว็บไซต์สำหรับใช้งานในมหาวิทยาลัย,Web Development
ปี 4,วิทยาการคอมพิวเตอร์และสารสนเทศ,อยากรู้วิธีทำระบบ Login บนเว็บไซต์,Web Development
ปี 1,วิทยาการคอมพิวเตอร์และสารสนเทศ,สนใจการสร้างเว็บไซต์ให้รองรับมือถือ,Web Development
ปี 2,วิทยาการคอมพิวเตอร์และสารสนเทศ,อยากเรียน JavaScript สำหรับพัฒนาเว็บ,Web Development
ปี 3,วิทยาการคอมพิวเตอร์และสารสนเทศ,สนใจการสร้าง Dashboard บนเว็บไซต์,Web Development
ปี 4,วิทยาการคอมพิวเตอร์และสารสนเทศ,อยากรู้วิธีสร้างเว็บที่มีการโต้ตอบกับผู้ใช้,Web Development
ปี 1,วิทยาการคอมพิวเตอร์และสารสนเทศ,สนใจการพัฒนาเว็บไซต์ด้วย React,Web Development
ปี 2,วิทยาการคอมพิวเตอร์และสารสนเทศ,อยากเรียนรู้การจัดโครงสร้างเว็บไซต์,Web Development
ปี 3,วิทยาการคอมพิวเตอร์และสารสนเทศ,สนใจการทำ API สำหรับเว็บไซต์,Web Development
ปี 4,วิทยาการคอมพิวเตอร์และสารสนเทศ,อยากรู้วิธีเชื่อม Frontend กับ Backend,Web Development
ปี 1,วิทยาการคอมพิวเตอร์และสารสนเทศ,อยากเรียนการพัฒนาเว็บแบบ Full Stack,Web Development
ปี 2,วิทยาการคอมพิวเตอร์และสารสนเทศ,สนใจการสร้างเว็บไซต์ที่มีระบบสมาชิก,Web Development
ปี 3,วิทยาการคอมพิวเตอร์และสารสนเทศ,อยากรู้วิธีทำเว็บให้ใช้งานง่าย,Web Development
ปี 4,วิทยาการคอมพิวเตอร์และสารสนเทศ,สนใจการทำเว็บไซต์สำหรับโปรเจกต์,Web Development
ปี 1,วิทยาการคอมพิวเตอร์และสารสนเทศ,อยากเรียนรู้การจัดการข้อมูลบนเว็บไซต์,Web Development
ปี 2,วิทยาการคอมพิวเตอร์และสารสนเทศ,สนใจการพัฒนาเว็บแอปสำหรับนักศึกษา,Web Development
ปี 3,วิทยาการคอมพิวเตอร์และสารสนเทศ,อยากรู้วิธีนำเว็บไซต์ขึ้นใช้งานจริง,Web Development
ปี 4,วิทยาการคอมพิวเตอร์และสารสนเทศ,สนใจการพัฒนาเว็บไซต์ด้วยเทคโนโลยีสมัยใหม่,Web Development
ปี 1,วิทยาการคอมพิวเตอร์และสารสนเทศ,อยากเรียนรู้การสร้างเว็บตั้งแต่ Frontend ถึง Backend,Web Development
ปี 2,วิทยาการคอมพิวเตอร์และสารสนเทศ,อยากพัฒนาทักษะด้าน Web Development,Web Development
ปี 3,วิทยาการคอมพิวเตอร์และสารสนเทศ,อยากเรียนการสร้างแอปมือถือ,Mobile Application
ปี 4,วิทยาการคอมพิวเตอร์และสารสนเทศ,สนใจการพัฒนา Mobile Application,Mobile Application
ปี 1,วิทยาการคอมพิวเตอร์และสารสนเทศ,อยากรู้วิธีสร้างแอปสำหรับ Android,Mobile Application
ปี 2,วิทยาการคอมพิวเตอร์และสารสนเทศ,สนใจการสร้างแอปสำหรับ iOS,Mobile Application
ปี 3,วิทยาการคอมพิวเตอร์และสารสนเทศ,อยากเรียนรู้การออกแบบหน้าจอแอป,Mobile Application
ปี 4,วิทยาการคอมพิวเตอร์และสารสนเทศ,สนใจการพัฒนาแอปด้วย Flutter,Mobile Application
ปี 1,วิทยาการคอมพิวเตอร์และสารสนเทศ,อยากรู้วิธีเชื่อมแอปกับฐานข้อมูล,Mobile Application
ปี 2,วิทยาการคอมพิวเตอร์และสารสนเทศ,สนใจการทำแอปที่ใช้งานจริง,Mobile Application
ปี 3,วิทยาการคอมพิวเตอร์และสารสนเทศ,อยากเรียนรู้การสร้างแอปสำหรับนักศึกษา,Mobile Application
ปี 4,วิทยาการคอมพิวเตอร์และสารสนเทศ,สนใจการพัฒนาแอปเพื่อแก้ปัญหาในชีวิตประจำวัน,Mobile Application
ปี 1,วิทยาการคอมพิวเตอร์และสารสนเทศ,อยากรู้วิธีทำระบบ Login ในแอป,Mobile Application
ปี 2,วิทยาการคอมพิวเตอร์และสารสนเทศ,สนใจการออกแบบ UX/UI สำหรับมือถือ,Mobile Application
ปี 3,วิทยาการคอมพิวเตอร์และสารสนเทศ,อยากเรียนการเขียนโปรแกรมสำหรับแอปมือถือ,Mobile Application
ปี 4,วิทยาการคอมพิวเตอร์และสารสนเทศ,สนใจการสร้างแอปแบบ Cross Platform,Mobile Application
ปี 1,วิทยาการคอมพิวเตอร์และสารสนเทศ,อยากรู้วิธีส่งแอปขึ้น Store,Mobile Application
ปี 2,วิทยาการคอมพิวเตอร์และสารสนเทศ,สนใจการทำ Notification ในแอป,Mobile Application
ปี 3,วิทยาการคอมพิวเตอร์และสารสนเทศ,อยากเรียนรู้การเชื่อม API กับ Mobile Application,Mobile Application
ปี 4,วิทยาการคอมพิวเตอร์และสารสนเทศ,สนใจการสร้างแอปสำหรับการเรียน,Mobile Application
ปี 1,วิทยาการคอมพิวเตอร์และสารสนเทศ,อยากรู้วิธีจัดการข้อมูลในแอป,Mobile Application
ปี 2,วิทยาการคอมพิวเตอร์และสารสนเทศ,สนใจการสร้างแอปที่มีผู้ใช้งานหลายคน,Mobile Application
ปี 3,วิทยาการคอมพิวเตอร์และสารสนเทศ,อยากเรียนรู้การทดสอบ Mobile Application,Mobile Application
ปี 4,วิทยาการคอมพิวเตอร์และสารสนเทศ,สนใจการพัฒนาแอปด้วย React Native,Mobile Application
ปี 1,วิทยาการคอมพิวเตอร์และสารสนเทศ,อยากรู้วิธีสร้างแอปให้ใช้งานง่าย,Mobile Application
ปี 2,วิทยาการคอมพิวเตอร์และสารสนเทศ,สนใจการทำแอปสำหรับธุรกิจ,Mobile Application
ปี 3,วิทยาการคอมพิวเตอร์และสารสนเทศ,อยากเรียนการออกแบบระบบของแอป,Mobile Application
ปี 4,วิทยาการคอมพิวเตอร์และสารสนเทศ,สนใจการพัฒนาแอปเพื่อทำเป็น Portfolio,Mobile Application
ปี 1,วิทยาการคอมพิวเตอร์และสารสนเทศ,อยากรู้ขั้นตอนการสร้าง Mobile Application,Mobile Application
ปี 2,วิทยาการคอมพิวเตอร์และสารสนเทศ,สนใจเทคโนโลยีการพัฒนาแอปในปัจจุบัน,Mobile Application
ปี 3,วิทยาการคอมพิวเตอร์และสารสนเทศ,อยากทำโปรเจกต์เกี่ยวกับแอปมือถือ,Mobile Application
ปี 4,วิทยาการคอมพิวเตอร์และสารสนเทศ,อยากพัฒนาทักษะด้าน Mobile Application,Mobile Application
ปี 1,วิทยาการคอมพิวเตอร์และสารสนเทศ,อยากเรียนการตลาดออนไลน์,Digital Marketing
ปี 2,วิทยาการคอมพิวเตอร์และสารสนเทศ,สนใจการทำ Digital Marketing,Digital Marketing
ปี 3,วิทยาการคอมพิวเตอร์และสารสนเทศ,อยากรู้วิธีทำโฆษณาบน Social Media,Digital Marketing
ปี 4,วิทยาการคอมพิวเตอร์และสารสนเทศ,สนใจการทำ Content Marketing,Digital Marketing
ปี 1,วิทยาการคอมพิวเตอร์และสารสนเทศ,อยากเรียนรู้การวางแผนการตลาดออนไลน์,Digital Marketing
ปี 2,วิทยาการคอมพิวเตอร์และสารสนเทศ,สนใจการวิเคราะห์ข้อมูลของลูกค้าออนไลน์,Digital Marketing
ปี 3,วิทยาการคอมพิวเตอร์และสารสนเทศ,อยากรู้วิธีทำ SEO,Digital Marketing
ปี 4,วิทยาการคอมพิวเตอร์และสารสนเทศ,สนใจการทำการตลาดผ่าน Facebook,Digital Marketing
ปี 1,วิทยาการคอมพิวเตอร์และสารสนเทศ,อยากเรียนการสร้าง Content ให้คนสนใจ,Digital Marketing
ปี 2,วิทยาการคอมพิวเตอร์และสารสนเทศ,สนใจการทำโฆษณาออนไลน์,Digital Marketing
ปี 3,วิทยาการคอมพิวเตอร์และสารสนเทศ,อยากรู้วิธีวัดผลแคมเปญการตลาด,Digital Marketing
ปี 4,วิทยาการคอมพิวเตอร์และสารสนเทศ,สนใจการตลาดผ่าน TikTok,Digital Marketing
ปี 1,วิทยาการคอมพิวเตอร์และสารสนเทศ,อยากเรียนรู้การสร้างแบรนด์บนโลกออนไลน์,Digital Marketing
ปี 2,วิทยาการคอมพิวเตอร์และสารสนเทศ,สนใจการทำ Social Media Marketing,Digital Marketing
ปี 3,วิทยาการคอมพิวเตอร์และสารสนเทศ,อยากรู้วิธีเพิ่มยอดเข้าชมเว็บไซต์,Digital Marketing
ปี 4,วิทยาการคอมพิวเตอร์และสารสนเทศ,สนใจการวิเคราะห์พฤติกรรมผู้บริโภค,Digital Marketing
ปี 1,วิทยาการคอมพิวเตอร์และสารสนเทศ,อยากเรียนการทำ Email Marketing,Digital Marketing
ปี 2,วิทยาการคอมพิวเตอร์และสารสนเทศ,สนใจการวางแผนคอนเทนต์ออนไลน์,Digital Marketing
ปี 3,วิทยาการคอมพิวเตอร์และสารสนเทศ,อยากรู้วิธีเลือกกลุ่มเป้าหมายในการโฆษณา,Digital Marketing
ปี 4,วิทยาการคอมพิวเตอร์และสารสนเทศ,สนใจการใช้ข้อมูลช่วยวางแผนการตลาด,Digital Marketing
ปี 1,วิทยาการคอมพิวเตอร์และสารสนเทศ,อยากเรียนรู้การทำ Marketing Analytics,Digital Marketing
ปี 2,วิทยาการคอมพิวเตอร์และสารสนเทศ,สนใจการโปรโมตสินค้าในออนไลน์,Digital Marketing
ปี 3,วิทยาการคอมพิวเตอร์และสารสนเทศ,อยากรู้วิธีสร้างแคมเปญบน Social Media,Digital Marketing
ปี 4,วิทยาการคอมพิวเตอร์และสารสนเทศ,สนใจการทำ Personal Branding,Digital Marketing
ปี 1,วิทยาการคอมพิวเตอร์และสารสนเทศ,อยากเรียนการตลาดสำหรับธุรกิจออนไลน์,Digital Marketing
ปี 2,วิทยาการคอมพิวเตอร์และสารสนเทศ,สนใจการทำ Influencer Marketing,Digital Marketing
ปี 3,วิทยาการคอมพิวเตอร์และสารสนเทศ,อยากรู้วิธีวิเคราะห์ผลการตลาด,Digital Marketing
ปี 4,วิทยาการคอมพิวเตอร์และสารสนเทศ,สนใจการทำคอนเทนต์เพื่อเพิ่มยอดขาย,Digital Marketing
ปี 1,วิทยาการคอมพิวเตอร์และสารสนเทศ,อยากเรียนรู้เครื่องมือด้าน Digital Marketing,Digital Marketing
ปี 2,วิทยาการคอมพิวเตอร์และสารสนเทศ,อยากพัฒนาความรู้ด้านการตลาดออนไลน์,Digital Marketing
ปี 3,วิทยาการคอมพิวเตอร์และสารสนเทศ,อยากเรียนการออกแบบกราฟิก,Graphic Design
ปี 4,วิทยาการคอมพิวเตอร์และสารสนเทศ,สนใจการใช้ Photoshop และ Illustrator,Graphic Design
ปี 1,วิทยาการคอมพิวเตอร์และสารสนเทศ,อยากรู้หลักการออกแบบโปสเตอร์,Graphic Design
ปี 2,วิทยาการคอมพิวเตอร์และสารสนเทศ,สนใจการออกแบบ Logo,Graphic Design
ปี 3,วิทยาการคอมพิวเตอร์และสารสนเทศ,อยากเรียนรู้เรื่องสีและการจัดองค์ประกอบ,Graphic Design
ปี 4,วิทยาการคอมพิวเตอร์และสารสนเทศ,สนใจการออกแบบสื่อสำหรับ Social Media,Graphic Design
ปี 1,วิทยาการคอมพิวเตอร์และสารสนเทศ,อยากรู้วิธีทำ Graphic Design ให้ดูสวย,Graphic Design
ปี 2,วิทยาการคอมพิวเตอร์และสารสนเทศ,สนใจการออกแบบสื่อประชาสัมพันธ์,Graphic Design
ปี 3,วิทยาการคอมพิวเตอร์และสารสนเทศ,อยากเรียนการออกแบบ Infographic,Graphic Design
ปี 4,วิทยาการคอมพิวเตอร์และสารสนเทศ,สนใจการออกแบบ Banner,Graphic Design
ปี 1,วิทยาการคอมพิวเตอร์และสารสนเทศ,อยากรู้วิธีเลือกฟอนต์ให้เหมาะกับงาน,Graphic Design
ปี 2,วิทยาการคอมพิวเตอร์และสารสนเทศ,สนใจการออกแบบงานสำหรับเว็บไซต์,Graphic Design
ปี 3,วิทยาการคอมพิวเตอร์และสารสนเทศ,อยากเรียนรู้พื้นฐาน Typography,Graphic Design
ปี 4,วิทยาการคอมพิวเตอร์และสารสนเทศ,สนใจการออกแบบ Branding,Graphic Design
ปี 1,วิทยาการคอมพิวเตอร์และสารสนเทศ,อยากรู้วิธีใช้โปรแกรมออกแบบกราฟิก,Graphic Design
ปี 2,วิทยาการคอมพิวเตอร์และสารสนเทศ,สนใจการทำภาพประกอบ,Graphic Design
ปี 3,วิทยาการคอมพิวเตอร์และสารสนเทศ,อยากเรียนการออกแบบสื่อดิจิทัล,Graphic Design
ปี 4,วิทยาการคอมพิวเตอร์และสารสนเทศ,สนใจการออกแบบ Portfolio,Graphic Design
ปี 1,วิทยาการคอมพิวเตอร์และสารสนเทศ,อยากรู้วิธีจัด Layout ให้สวย,Graphic Design
ปี 2,วิทยาการคอมพิวเตอร์และสารสนเทศ,สนใจการออกแบบ UI เบื้องต้น,Graphic Design
ปี 3,วิทยาการคอมพิวเตอร์และสารสนเทศ,อยากเรียนรู้การใช้ Illustrator,Graphic Design
ปี 4,วิทยาการคอมพิวเตอร์และสารสนเทศ,สนใจการแต่งภาพสำหรับงานกราฟิก,Graphic Design
ปี 1,วิทยาการคอมพิวเตอร์และสารสนเทศ,อยากรู้วิธีออกแบบโพสต์สำหรับ Social Media,Graphic Design
ปี 2,วิทยาการคอมพิวเตอร์และสารสนเทศ,สนใจการสร้างสื่อให้ดูน่าสนใจ,Graphic Design
ปี 3,วิทยาการคอมพิวเตอร์และสารสนเทศ,อยากเรียนการออกแบบ Visual Identity,Graphic Design
ปี 4,วิทยาการคอมพิวเตอร์และสารสนเทศ,สนใจการทำกราฟิกเพื่อการตลาด,Graphic Design
ปี 1,วิทยาการคอมพิวเตอร์และสารสนเทศ,อยากรู้หลักการออกแบบที่ควรรู้,Graphic Design
ปี 2,วิทยาการคอมพิวเตอร์และสารสนเทศ,สนใจการสร้างงานกราฟิกเป็น Portfolio,Graphic Design
ปี 3,วิทยาการคอมพิวเตอร์และสารสนเทศ,อยากเรียนรู้การออกแบบสื่อออนไลน์,Graphic Design
ปี 4,วิทยาการคอมพิวเตอร์และสารสนเทศ,อยากพัฒนาทักษะด้าน Graphic Design,Graphic Design
ปี 1,วิทยาการคอมพิวเตอร์และสารสนเทศ,อยากเรียนพื้นฐานการถ่ายภาพ,Photography
ปี 2,วิทยาการคอมพิวเตอร์และสารสนเทศ,สนใจการใช้กล้องให้ถ่ายรูปได้สวยขึ้น,Photography
ปี 3,วิทยาการคอมพิวเตอร์และสารสนเทศ,อยากรู้เรื่องการจัดองค์ประกอบภาพ,Photography
ปี 4,วิทยาการคอมพิวเตอร์และสารสนเทศ,สนใจการถ่ายภาพ Portrait,Photography
ปี 1,วิทยาการคอมพิวเตอร์และสารสนเทศ,อยากเรียนรู้การใช้แสงในการถ่ายภาพ,Photography
ปี 2,วิทยาการคอมพิวเตอร์และสารสนเทศ,สนใจการถ่ายภาพ Landscape,Photography
ปี 3,วิทยาการคอมพิวเตอร์และสารสนเทศ,อยากรู้วิธีตั้งค่ากล้อง,Photography
ปี 4,วิทยาการคอมพิวเตอร์และสารสนเทศ,อยากเรียนการถ่ายภาพด้วยมือถือ,Photography
ปี 1,วิทยาการคอมพิวเตอร์และสารสนเทศ,สนใจการแต่งภาพหลังถ่าย,Photography
ปี 2,วิทยาการคอมพิวเตอร์และสารสนเทศ,อยากรู้เรื่อง Aperture Shutter Speed และ ISO,Photography
ปี 3,วิทยาการคอมพิวเตอร์และสารสนเทศ,สนใจการถ่ายภาพสินค้า,Photography
ปี 4,วิทยาการคอมพิวเตอร์และสารสนเทศ,อยากเรียนการถ่ายภาพสำหรับทำ Content,Photography
ปี 1,วิทยาการคอมพิวเตอร์และสารสนเทศ,สนใจการถ่ายภาพกลางคืน,Photography
ปี 2,วิทยาการคอมพิวเตอร์และสารสนเทศ,อยากรู้วิธีเลือกเลนส์ให้เหมาะกับงาน,Photography
ปี 3,วิทยาการคอมพิวเตอร์และสารสนเทศ,สนใจการถ่ายภาพ Event,Photography
ปี 4,วิทยาการคอมพิวเตอร์และสารสนเทศ,อยากเรียนรู้การจัดแสงสำหรับถ่ายภาพ,Photography
ปี 1,วิทยาการคอมพิวเตอร์และสารสนเทศ,สนใจการถ่ายภาพบุคคล,Photography
ปี 2,วิทยาการคอมพิวเตอร์และสารสนเทศ,อยากรู้วิธีทำให้ภาพดูมีเรื่องราว,Photography
ปี 3,วิทยาการคอมพิวเตอร์และสารสนเทศ,อยากเรียนการใช้ Lightroom,Photography
ปี 4,วิทยาการคอมพิวเตอร์และสารสนเทศ,สนใจการถ่ายภาพเพื่อทำ Portfolio,Photography
ปี 1,วิทยาการคอมพิวเตอร์และสารสนเทศ,อยากรู้เทคนิคการถ่ายภาพให้คมชัด,Photography
ปี 2,วิทยาการคอมพิวเตอร์และสารสนเทศ,สนใจการถ่ายภาพอาหาร,Photography
ปี 3,วิทยาการคอมพิวเตอร์และสารสนเทศ,อยากเรียนรู้การถ่ายภาพแบบมืออาชีพ,Photography
ปี 4,วิทยาการคอมพิวเตอร์และสารสนเทศ,สนใจการจัดองค์ประกอบก่อนถ่ายภาพ,Photography
ปี 1,วิทยาการคอมพิวเตอร์และสารสนเทศ,อยากรู้วิธีแก้ภาพมืดหรือสว่างเกินไป,Photography
ปี 2,วิทยาการคอมพิวเตอร์และสารสนเทศ,สนใจการถ่ายภาพสำหรับ Social Media,Photography
ปี 3,วิทยาการคอมพิวเตอร์และสารสนเทศ,อยากเรียนรู้การแต่งสีภาพ,Photography
ปี 4,วิทยาการคอมพิวเตอร์และสารสนเทศ,สนใจการใช้กล้อง Mirrorless,Photography
ปี 1,วิทยาการคอมพิวเตอร์และสารสนเทศ,อยากทำโปรเจกต์เกี่ยวกับการถ่ายภาพ,Photography
ปี 2,วิทยาการคอมพิวเตอร์และสารสนเทศ,อยากพัฒนาทักษะด้าน Photography,Photography
ปี 3,วิทยาการคอมพิวเตอร์และสารสนเทศ,อยากเรียนพื้นฐานการเงิน,Finance
ปี 4,วิทยาการคอมพิวเตอร์และสารสนเทศ,สนใจการวางแผนการเงินส่วนตัว,Finance
ปี 1,วิทยาการคอมพิวเตอร์และสารสนเทศ,อยากรู้วิธีจัดการรายรับรายจ่าย,Finance
ปี 2,วิทยาการคอมพิวเตอร์และสารสนเทศ,สนใจเรื่องการออมเงิน,Finance
ปี 3,วิทยาการคอมพิวเตอร์และสารสนเทศ,อยากเรียนรู้พื้นฐานการลงทุน,Finance
ปี 4,วิทยาการคอมพิวเตอร์และสารสนเทศ,อยากรู้วิธีวางแผนการเงินสำหรับนักศึกษา,Finance
ปี 1,วิทยาการคอมพิวเตอร์และสารสนเทศ,สนใจการลงทุนในหุ้น,Finance
ปี 2,วิทยาการคอมพิวเตอร์และสารสนเทศ,อยากเรียนเรื่องการบริหารเงิน,Finance
ปี 3,วิทยาการคอมพิวเตอร์และสารสนเทศ,สนใจการทำบัญชีรายรับรายจ่าย,Finance
ปี 4,วิทยาการคอมพิวเตอร์และสารสนเทศ,อยากรู้เรื่องดอกเบี้ยและการกู้เงิน,Finance
ปี 1,วิทยาการคอมพิวเตอร์และสารสนเทศ,สนใจการวางแผนการเงินในอนาคต,Finance
ปี 2,วิทยาการคอมพิวเตอร์และสารสนเทศ,อยากเรียนรู้เรื่องความเสี่ยงในการลงทุน,Finance
ปี 3,วิทยาการคอมพิวเตอร์และสารสนเทศ,สนใจการลงทุนระยะยาว,Finance
ปี 4,วิทยาการคอมพิวเตอร์และสารสนเทศ,อยากรู้วิธีจัดการหนี้,Finance
ปี 1,วิทยาการคอมพิวเตอร์และสารสนเทศ,สนใจการวิเคราะห์พื้นฐานของหุ้น,Finance
ปี 2,วิทยาการคอมพิวเตอร์และสารสนเทศ,อยากเรียนเรื่องการบริหารงบประมาณ,Finance
ปี 3,วิทยาการคอมพิวเตอร์และสารสนเทศ,สนใจการเงินสำหรับธุรกิจ,Finance
ปี 4,วิทยาการคอมพิวเตอร์และสารสนเทศ,อยากรู้วิธีสร้างเงินสำรองฉุกเฉิน,Finance
ปี 1,วิทยาการคอมพิวเตอร์และสารสนเทศ,สนใจการวางแผนก่อนเริ่มลงทุน,Finance
ปี 2,วิทยาการคอมพิวเตอร์และสารสนเทศ,อยากเรียนรู้เรื่องกองทุนรวม,Finance
ปี 3,วิทยาการคอมพิวเตอร์และสารสนเทศ,สนใจการจัดการเงินหลังเรียนจบ,Finance
ปี 4,วิทยาการคอมพิวเตอร์และสารสนเทศ,อยากรู้วิธีแบ่งเงินสำหรับใช้และเก็บ,Finance
ปี 1,วิทยาการคอมพิวเตอร์และสารสนเทศ,สนใจความรู้ด้านการเงินที่ใช้ในชีวิตจริง,Finance
ปี 2,วิทยาการคอมพิวเตอร์และสารสนเทศ,อยากเรียนการวางแผนการเงินระยะยาว,Finance
ปี 3,วิทยาการคอมพิวเตอร์และสารสนเทศ,สนใจการบริหารรายได้และค่าใช้จ่าย,Finance
ปี 4,วิทยาการคอมพิวเตอร์และสารสนเทศ,อยากรู้พื้นฐานการลงทุนสำหรับมือใหม่,Finance
ปี 1,วิทยาการคอมพิวเตอร์และสารสนเทศ,สนใจการวิเคราะห์ข้อมูลทางการเงิน,Finance
ปี 2,วิทยาการคอมพิวเตอร์และสารสนเทศ,อยากเรียนรู้การวางแผนงบประมาณ,Finance
ปี 3,วิทยาการคอมพิวเตอร์และสารสนเทศ,สนใจการสร้างวินัยทางการเงิน,Finance
ปี 4,วิทยาการคอมพิวเตอร์และสารสนเทศ,อยากพัฒนาความรู้ด้าน Finance,Finance
2,วิทยาการคอมพิวเตอร์และสารสนเทศ,การพัฒนา backend ด้วย Node.js,Backend
2,วิทยาการคอมพิวเตอร์และสารสนเทศ,การสร้าง REST API,Backend
2,วิทยาการคอมพิวเตอร์และสารสนเทศ,การพัฒนา server ด้วย Python,Backend
2,วิทยาการคอมพิวเตอร์และสารสนเทศ,การจัดการฐานข้อมูลสำหรับ backend,Backend
2,วิทยาการคอมพิวเตอร์และสารสนเทศ,การสร้าง API ด้วย FastAPI,Backend
2,วิทยาการคอมพิวเตอร์และสารสนเทศ,การพัฒนา backend ด้วย Django,Backend
2,วิทยาการคอมพิวเตอร์และสารสนเทศ,การออกแบบระบบ server,Backend
2,วิทยาการคอมพิวเตอร์และสารสนเทศ,การเชื่อมต่อ frontend กับ backend,Backend
2,วิทยาการคอมพิวเตอร์และสารสนเทศ,การทำ authentication และ authorization,Backend
2,วิทยาการคอมพิวเตอร์และสารสนเทศ,การพัฒนา web service,Backend
2,วิทยาการคอมพิวเตอร์และสารสนเทศ,การสร้างระบบ backend สำหรับเว็บไซต์,Backend
2,วิทยาการคอมพิวเตอร์และสารสนเทศ,การจัดการ API และฐานข้อมูล,Backend
2,วิทยาการคอมพิวเตอร์และสารสนเทศ,การพัฒนา server side application,Backend
2,วิทยาการคอมพิวเตอร์และสารสนเทศ,การออกแบบ RESTful API,Backend
2,วิทยาการคอมพิวเตอร์และสารสนเทศ,การเขียนโปรแกรมฝั่ง server,Backend
2,วิทยาการคอมพิวเตอร์และสารสนเทศ,การพัฒนา API ด้วย Node.js,Backend
2,วิทยาการคอมพิวเตอร์และสารสนเทศ,การสร้างระบบ login และ authentication,Backend
2,วิทยาการคอมพิวเตอร์และสารสนเทศ,การเชื่อมต่อฐานข้อมูลกับ backend,Backend
2,วิทยาการคอมพิวเตอร์และสารสนเทศ,การพัฒนา backend สำหรับ mobile app,Backend
2,วิทยาการคอมพิวเตอร์และสารสนเทศ,การสร้าง API สำหรับระบบเว็บ,Backend
2,วิทยาการคอมพิวเตอร์และสารสนเทศ,การจัดการ session และ token,Backend
2,วิทยาการคอมพิวเตอร์และสารสนเทศ,การพัฒนา backend ด้วย Express,Backend
2,วิทยาการคอมพิวเตอร์และสารสนเทศ,การสร้าง microservice,Backend
2,วิทยาการคอมพิวเตอร์และสารสนเทศ,การออกแบบระบบ backend,Backend
2,วิทยาการคอมพิวเตอร์และสารสนเทศ,การจัดการฐานข้อมูลบน server,Backend
2,วิทยาการคอมพิวเตอร์และสารสนเทศ,การพัฒนา API ด้วย Python,Backend
2,วิทยาการคอมพิวเตอร์และสารสนเทศ,การทำระบบ server สำหรับแอปพลิเคชัน,Backend
2,วิทยาการคอมพิวเตอร์และสารสนเทศ,การเขียน backend ให้รองรับผู้ใช้งานจำนวนมาก,Backend
2,วิทยาการคอมพิวเตอร์และสารสนเทศ,การพัฒนา web service ด้วย FastAPI,Backend
2,วิทยาการคอมพิวเตอร์และสารสนเทศ,การสร้างระบบหลังบ้านสำหรับเว็บไซต์,Backend
2,วิทยาการคอมพิวเตอร์และสารสนเทศ,การออกแบบ UX/UI,UX/UI
2,วิทยาการคอมพิวเตอร์และสารสนเทศ,การออกแบบประสบการณ์ผู้ใช้,UX/UI
2,วิทยาการคอมพิวเตอร์และสารสนเทศ,การออกแบบหน้าจอเว็บไซต์,UX/UI
2,วิทยาการคอมพิวเตอร์และสารสนเทศ,การออกแบบ interface,UX/UI
2,วิทยาการคอมพิวเตอร์และสารสนเทศ,การทำ prototype ด้วย Figma,UX/UI
2,วิทยาการคอมพิวเตอร์และสารสนเทศ,การวิจัยผู้ใช้งาน,UX/UI
2,วิทยาการคอมพิวเตอร์และสารสนเทศ,การออกแบบ mobile application,UX/UI
2,วิทยาการคอมพิวเตอร์และสารสนเทศ,การออกแบบ user experience,UX/UI
2,วิทยาการคอมพิวเตอร์และสารสนเทศ,การออกแบบระบบให้ใช้งานง่าย,UX/UI
2,วิทยาการคอมพิวเตอร์และสารสนเทศ,การสร้าง design system,UX/UI
2,วิทยาการคอมพิวเตอร์และสารสนเทศ,การออกแบบ UI สำหรับเว็บไซต์,UX/UI
2,วิทยาการคอมพิวเตอร์และสารสนเทศ,การออกแบบหน้าจอแอปพลิเคชัน,UX/UI
2,วิทยาการคอมพิวเตอร์และสารสนเทศ,การทำ wireframe,UX/UI
2,วิทยาการคอมพิวเตอร์และสารสนเทศ,การออกแบบ user interface,UX/UI
2,วิทยาการคอมพิวเตอร์และสารสนเทศ,การทดสอบ usability,UX/UI
2,วิทยาการคอมพิวเตอร์และสารสนเทศ,การทำ prototype แอปพลิเคชัน,UX/UI
2,วิทยาการคอมพิวเตอร์และสารสนเทศ,การวิเคราะห์พฤติกรรมผู้ใช้งาน,UX/UI
2,วิทยาการคอมพิวเตอร์และสารสนเทศ,การออกแบบ interaction,UX/UI
2,วิทยาการคอมพิวเตอร์และสารสนเทศ,การออกแบบเว็บไซต์ด้วย Figma,UX/UI
2,วิทยาการคอมพิวเตอร์และสารสนเทศ,การสร้าง design system สำหรับเว็บ,UX/UI
2,วิทยาการคอมพิวเตอร์และสารสนเทศ,การออกแบบประสบการณ์ผู้ใช้บนมือถือ,UX/UI
2,วิทยาการคอมพิวเตอร์และสารสนเทศ,การทำ user research,UX/UI
2,วิทยาการคอมพิวเตอร์และสารสนเทศ,การออกแบบ navigation ของเว็บไซต์,UX/UI
2,วิทยาการคอมพิวเตอร์และสารสนเทศ,การออกแบบ component สำหรับ UI,UX/UI
2,วิทยาการคอมพิวเตอร์และสารสนเทศ,การสร้าง mockup เว็บไซต์,UX/UI
2,วิทยาการคอมพิวเตอร์และสารสนเทศ,การออกแบบหน้า dashboard,UX/UI
2,วิทยาการคอมพิวเตอร์และสารสนเทศ,การออกแบบ responsive interface,UX/UI
2,วิทยาการคอมพิวเตอร์และสารสนเทศ,การปรับปรุง usability ของระบบ,UX/UI
2,วิทยาการคอมพิวเตอร์และสารสนเทศ,การออกแบบ UX สำหรับแอปพลิเคชัน,UX/UI
2,วิทยาการคอมพิวเตอร์และสารสนเทศ,การสร้าง prototype สำหรับทดสอบกับผู้ใช้,UX/UI
ปี 2,วิทยาการคอมพิวเตอร์และสารสนเทศ,อยากลองเขียนโค้ด backend,Backend
ปี 2,วิทยาการคอมพิวเตอร์และสารสนเทศ,อยากลองเขียนโปรแกรม backend,Backend
ปี 2,วิทยาการคอมพิวเตอร์และสารสนเทศ,อยากเรียนเขียน backend,Backend
ปี 2,วิทยาการคอมพิวเตอร์และสารสนเทศ,สนใจการเขียน backend,Backend
ปี 2,วิทยาการคอมพิวเตอร์และสารสนเทศ,อยากลองพัฒนา backend,Backend
ปี 2,วิทยาการคอมพิวเตอร์และสารสนเทศ,อยากเขียนระบบ backend,Backend
ปี 2,วิทยาการคอมพิวเตอร์และสารสนเทศ,อยากลองทำระบบหลังบ้าน,Backend
ปี 2,วิทยาการคอมพิวเตอร์และสารสนเทศ,อยากลองเขียนโค้ดหลังบ้าน,Backend
ปี 2,วิทยาการคอมพิวเตอร์และสารสนเทศ,อยากพัฒนาโปรแกรมฝั่งหลังบ้าน,Backend
ปี 2,วิทยาการคอมพิวเตอร์และสารสนเทศ,อยากลองสร้าง API,Backend
ปี 2,วิทยาการคอมพิวเตอร์และสารสนเทศ,อยากทำ API สำหรับระบบ,Backend
ปี 2,วิทยาการคอมพิวเตอร์และสารสนเทศ,อยากเรียนการพัฒนา server,Backend
